seconds,running_processes,cpu_percent,ram_mb,ram_percent,disk_mbps
1,284,2.6,13777.49,85.6,0.41
2,284,11.0,13740.03,85.4,34.12
3,284,8.6,13752.13,85.5,0.23
4,284,21.4,13771.81,85.6,0.79
5,284,15.2,13798.88,85.8,0.23
6,284,20.9,13851.19,86.1,1.55
7,283,19.5,13895.3,86.3,22.8
8,283,14.5,13973.6,86.8,0.91
9,283,13.8,14045.34,87.3,0.51
10,283,28.8,14187.36,88.2,1.13
11,283,28.0,14243.16,88.5,3.27
12,283,10.4,14239.09,88.5,1.24
13,283,25.8,14273.34,88.7,2.97
14,283,13.4,14250.24,88.6,0.0
15,283,12.6,14280.1,88.7,0.71
16,283,7.1,14276.21,88.7,21.97
17,283,13.1,14316.59,89.0,1.03
18,283,5.9,14301.54,88.9,0.01
19,283,8.0,14301.67,88.9,1.19
20,283,2.4,14292.91,88.8,0.64
21,283,10.6,14295.24,88.8,0.82
22,283,7.1,14285.32,88.8,0.06
23,283,7.7,14278.67,88.7,0.9
24,283,15.2,14325.72,89.0,36.72
25,283,8.1,14326.16,89.0,0.29
26,283,21.8,14384.75,89.4,2.15
27,283,28.8,14580.45,90.6,12.41
28,283,23.7,14603.69,90.8,4.96
29,284,12.7,14814.03,92.1,100.43
30,284,31.8,14726.11,91.5,202.75
31,284,13.0,14714.23,91.4,3.25
32,284,16.5,14734.49,91.6,4.43
33,284,20.6,14540.14,90.4,0.72
34,284,11.8,14530.97,90.3,0.71
35,284,10.9,14489.26,90.0,0.98
36,284,10.4,14440.75,89.7,3.1
37,288,16.8,14485.92,90.0,1.86
38,291,21.4,14544.21,90.4,15.86
39,291,16.4,14533.52,90.3,1.48
40,290,18.6,14534.03,90.3,11.05
41,290,18.7,14563.6,90.5,0.6
42,290,30.0,14563.04,90.5,4.6
43,282,44.7,14080.93,87.5,28.02
44,285,48.2,14323.11,89.0,364.98
45,284,15.9,14128.49,87.8,259.55
46,284,16.3,14137.1,87.9,11.21
47,284,15.8,14122.89,87.8,0.27
48,285,12.0,14118.62,87.7,5.07
49,285,14.8,14137.87,87.9,0.12
50,285,13.6,14153.01,88.0,22.42
51,285,15.1,14151.61,87.9,0.04
52,285,10.9,14134.63,87.8,0.0
53,284,7.8,14102.19,87.6,0.5
54,284,4.2,14094.53,87.6,0.37
55,284,6.1,14089.79,87.6,0.0
56,283,11.1,14063.36,87.4,0.63
57,283,11.1,14047.98,87.3,0.0
58,283,22.1,14142.99,87.9,33.78
59,283,19.6,14179.88,88.1,1.09
60,283,19.3,14166.26,88.0,12.54
61,284,22.0,14254.72,88.6,0.77
62,284,27.6,14267.49,88.7,0.21
63,284,5.3,14244.83,88.5,0.24
64,284,3.9,14237.36,88.5,0.0
65,284,5.2,14225.1,88.4,0.0
66,284,5.6,14211.37,88.3,1.01
67,284,3.4,14200.35,88.2,0.03
68,283,10.2,14107.42,87.7,0.13
69,284,8.7,14122.49,87.8,0.05
70,284,5.4,14120.94,87.8,0.06
71,284,11.7,14109.6,87.7,0.07
72,284,20.2,14117.32,87.7,0.76
73,282,6.7,14108.76,87.7,3.87
74,282,16.1,14109.01,87.7,3.98
75,282,4.4,14100.12,87.6,0.31
76,282,4.8,14117.38,87.7,0.21
77,281,5.8,14118.19,87.7,0.1
78,281,9.3,14135.96,87.8,0.23
79,281,5.2,14129.36,87.8,0.0
80,280,4.3,14114.28,87.7,0.2
81,280,7.4,14112.44,87.7,2.55
82,280,17.4,14179.69,88.1,8.0
83,280,11.0,14171.87,88.1,0.09
84,280,15.2,14136.59,87.8,0.87
85,280,14.6,14148.61,87.9,0.11
86,280,14.3,14149.77,87.9,0.12
87,280,11.5,14128.84,87.8,0.27
88,280,6.1,14130.0,87.8,0.38
89,280,1.8,14127.27,87.8,0.02
90,280,1.2,14127.06,87.8,0.0
91,280,5.2,14135.25,87.8,0.46
92,280,3.8,14238.45,88.5,3.59
93,270,42.6,13533.99,84.1,66.11
94,270,29.1,13568.79,84.3,27.03
95,268,30.9,13549.32,84.2,6.98
96,268,31.7,13381.56,83.2,2.54
97,268,12.3,13381.21,83.2,11.74
98,268,9.1,13356.46,83.0,24.13
99,268,2.5,13349.25,83.0,0.0
100,268,3.4,13355.51,83.0,0.0
101,268,2.2,13350.46,83.0,1.17
102,268,3.7,13344.83,82.9,3.59
103,268,4.4,13341.75,82.9,1.9
104,268,14.1,13337.78,82.9,4.46
105,268,10.5,13370.62,83.1,2.44
106,268,31.6,13376.39,83.1,3.65
107,268,14.4,13425.43,83.4,1.17
108,268,15.1,13418.66,83.4,2.02
109,268,17.2,13439.93,83.5,4.04
110,268,11.7,13432.97,83.5,0.0
111,269,19.4,13463.35,83.7,20.98
112,269,14.9,13464.74,83.7,0.16
113,270,25.0,13528.52,84.1,8.97
114,270,20.1,13498.92,83.9,0.3
115,270,11.2,13467.38,83.7,0.78
116,270,5.8,13445.54,83.6,0.0
117,270,5.7,13458.2,83.6,5.16
118,270,10.6,13460.02,83.6,0.56
119,271,9.5,13527.16,84.1,4.18
120,272,16.9,13551.66,84.2,33.58
121,272,10.1,13380.3,83.1,4.05
122,271,2.9,13361.44,83.0,0.27
123,271,4.9,13355.24,83.0,3.55
124,270,5.1,13329.15,82.8,3.91
125,270,34.7,13307.97,82.7,23.05
126,270,24.3,13204.49,82.1,9.58
127,270,4.0,13195.2,82.0,5.53
128,270,6.8,13188.8,82.0,3.16
129,270,4.5,13184.0,81.9,0.0
130,269,4.2,13166.62,81.8,6.48
131,269,3.5,13174.16,81.9,3.64
132,269,4.1,13161.86,81.8,18.72
133,269,12.9,13170.86,81.8,7.74
134,270,4.8,13184.39,81.9,43.71
135,270,22.1,13649.65,84.8,45.49
136,270,5.3,13716.95,85.2,5.13
137,270,3.6,13713.88,85.2,1.02
138,270,3.4,13713.81,85.2,2.66
139,270,12.5,13692.09,85.1,3.29
140,269,7.3,13660.38,84.9,3.13
141,269,8.5,13654.89,84.9,3.39
142,269,12.6,13646.52,84.8,1.57
143,269,10.4,13159.32,81.8,7.38
144,268,4.6,13095.11,81.4,0.8
145,269,13.4,13111.41,81.5,0.9
146,270,23.4,13261.26,82.4,14.33
147,270,7.2,13631.89,84.7,4.22
148,270,5.9,13656.7,84.9,0.38
149,270,3.6,13647.34,84.8,1.86
150,270,4.1,13647.25,84.8,3.29
151,269,10.7,13646.98,84.8,2.76
152,269,5.0,13655.1,84.9,0.63
153,268,11.0,13113.73,81.5,0.31
154,268,10.5,13138.74,81.6,0.07
155,268,19.4,13213.47,82.1,1.87
156,268,11.1,13243.35,82.3,0.7
157,268,15.3,13291.2,82.6,6.39
158,268,14.9,13340.39,82.9,8.37
159,268,13.9,13338.54,82.9,0.33
160,268,13.7,13328.2,82.8,0.71
161,268,10.9,13343.05,82.9,0.34
162,268,12.8,13334.94,82.9,2.3
163,268,16.7,13329.94,82.8,1.57
164,268,21.4,13349.35,83.0,0.92
165,267,19.5,13417.26,83.4,0.36
166,267,24.2,13463.54,83.7,0.68
167,267,21.9,13471.58,83.7,12.33
168,267,24.9,13465.41,83.7,0.3
169,267,22.8,13462.5,83.7,1.05
170,269,31.2,13591.67,84.5,1.82
171,269,15.8,13646.51,84.8,0.71
172,269,29.8,13735.07,85.4,2.13
173,269,36.8,13927.77,86.6,3.27
174,267,22.4,13973.01,86.8,1.17
175,267,7.4,13961.82,86.8,0.25
176,267,10.3,13968.38,86.8,0.38
177,267,13.3,13950.83,86.7,0.21
178,267,7.5,13941.79,86.6,0.0
179,267,8.0,13870.34,86.2,0.02
180,267,13.7,13825.01,85.9,0.39
181,267,8.9,13820.94,85.9,0.17
182,267,13.4,13819.16,85.9,0.0
183,266,7.7,13801.16,85.8,0.04
184,266,6.3,13767.93,85.6,0.03
185,266,11.1,13760.86,85.5,0.01
186,266,9.6,13717.96,85.2,0.0
187,266,5.8,13719.32,85.3,0.13
188,266,18.3,13729.91,85.3,0.41
189,266,10.7,13752.25,85.5,0.04
190,266,5.2,13769.38,85.6,0.05
191,266,5.0,13764.21,85.5,0.81
192,266,13.4,13764.89,85.5,0.6
193,266,11.0,13765.05,85.5,0.02
194,266,6.4,13745.47,85.4,0.03
195,266,14.6,13742.84,85.4,0.23
196,266,16.6,13744.77,85.4,0.45
197,266,8.2,13720.99,85.3,0.04
198,266,13.5,13710.73,85.2,0.12
199,266,6.9,13706.02,85.2,0.0
200,266,10.7,13563.87,84.3,0.32
201,266,7.1,13552.65,84.2,0.06
202,266,11.3,13543.06,84.2,0.33
203,266,5.2,13539.85,84.1,0.32
204,266,7.5,13516.57,84.0,0.39
205,266,8.8,13516.98,84.0,0.15
206,266,14.5,13514.09,84.0,0.06
207,266,4.6,13509.91,84.0,0.09
208,266,12.1,13506.23,83.9,0.0
209,266,16.9,13480.17,83.8,0.53
210,266,17.6,13446.89,83.6,0.0
211,266,9.9,13444.26,83.5,0.0
212,266,5.2,13442.51,83.5,0.0
213,266,6.6,13441.63,83.5,0.0
214,266,5.8,13443.36,83.5,0.04
215,266,6.7,13448.57,83.6,0.0
216,266,8.3,13445.77,83.6,0.0
217,266,5.8,13440.61,83.5,0.05
218,266,18.9,13438.56,83.5,0.0
219,266,12.2,13470.82,83.7,0.0
220,266,10.3,13484.4,83.8,0.08
221,266,15.9,13476.61,83.7,0.04
222,266,11.3,13466.06,83.7,0.88
223,266,5.2,13458.45,83.6,0.03
224,266,4.7,13463.68,83.7,0.06
225,266,12.4,13468.82,83.7,0.09
226,266,13.8,13473.32,83.7,0.59
227,266,5.7,13465.08,83.7,0.07
228,266,11.3,13461.31,83.7,0.18
229,266,8.5,13460.44,83.6,0.05
230,266,7.6,13462.26,83.7,0.0
231,266,6.8,13446.99,83.6,0.0
232,266,10.8,13447.61,83.6,0.13
233,266,12.1,13445.07,83.6,0.0
234,266,3.3,13438.95,83.5,0.02
235,266,12.6,13436.2,83.5,0.42
236,266,9.6,13437.64,83.5,0.0
237,266,7.4,13437.79,83.5,0.05
238,266,10.1,13435.0,83.5,0.2
239,266,10.4,13447.53,83.6,0.01
240,265,6.2,13430.77,83.5,0.06
241,265,3.9,13427.3,83.4,0.0
242,265,8.6,13425.77,83.4,0.03
243,265,8.3,13430.8,83.5,0.0
244,265,4.3,13405.05,83.3,0.1
245,265,10.2,13402.14,83.3,0.0
246,265,13.8,13416.67,83.4,0.0
247,265,10.8,13414.27,83.4,0.0
248,265,10.3,13450.52,83.6,0.21
249,265,14.7,13456.04,83.6,0.03
250,265,6.6,13464.54,83.7,0.12
251,265,8.2,13469.82,83.7,0.16
252,265,12.8,13471.79,83.7,0.1
253,265,4.2,13476.29,83.7,0.07
254,265,9.0,13476.06,83.7,0.2
255,265,12.1,13473.66,83.7,2.23
256,265,4.9,13465.73,83.7,0.35
257,265,5.6,13450.39,83.6,0.05
258,265,9.8,13427.53,83.4,0.04
259,265,8.9,13435.19,83.5,0.03
260,265,3.5,13430.95,83.5,0.06
261,268,10.6,13504.18,83.9,27.66
262,269,18.3,13559.34,84.3,44.54
263,269,30.0,13785.23,85.7,42.53
264,272,14.5,13883.45,86.3,63.55
265,272,17.3,13901.69,86.4,6.2
266,273,21.9,13994.29,87.0,16.43
267,274,32.1,14032.91,87.2,23.36
268,274,34.2,14301.29,88.9,227.68
269,275,36.0,14375.71,89.3,71.0
270,275,32.8,14484.93,90.0,52.01
271,275,31.1,14366.04,89.3,134.94
272,275,33.1,14221.32,88.4,195.4
273,275,23.0,14272.09,88.7,27.93
274,278,28.2,14290.05,88.8,26.0
275,275,34.8,14345.66,89.1,28.72
276,275,24.7,14406.96,89.5,0.59
277,275,21.8,14449.06,89.8,35.04
278,275,23.9,14444.97,89.8,20.39
279,275,25.5,14442.94,89.8,8.58
280,275,26.8,14509.02,90.2,37.22
281,275,34.4,14615.98,90.8,5.05
282,275,38.3,14715.97,91.4,50.18
283,275,35.4,14741.23,91.6,0.5
284,275,31.1,14723.68,91.5,15.44
285,275,30.5,14756.54,91.7,10.83
286,275,29.4,14769.72,91.8,17.15
287,275,27.6,14806.2,92.0,0.31
288,276,22.5,14834.96,92.2,18.53
289,276,26.3,14809.88,92.0,24.34
290,276,20.5,14807.17,92.0,0.09
291,276,21.7,14866.18,92.4,14.3
292,276,21.4,14866.45,92.4,29.57
293,276,21.7,14853.98,92.3,269.36
294,276,39.4,14931.84,92.8,152.97
295,276,35.5,14910.94,92.7,551.83
296,276,27.5,14945.05,92.9,256.1
297,275,32.9,14828.81,92.2,447.77
298,275,31.1,14865.78,92.4,542.49
299,275,17.8,14848.76,92.3,15.55
300,275,24.5,14863.19,92.4,11.07
301,275,16.4,14845.16,92.3,16.08
302,275,15.2,14837.84,92.2,14.62
303,275,22.2,14862.79,92.4,12.47
304,275,19.5,14841.08,92.2,12.43
305,275,16.6,14824.34,92.1,14.01
306,275,15.8,14826.91,92.1,8.85
307,275,13.0,14805.19,92.0,15.68
308,275,17.2,14837.52,92.2,12.76
309,275,11.8,14844.2,92.2,13.81
310,275,8.8,14820.87,92.1,12.02
311,274,11.0,14767.13,91.8,12.25
312,274,5.4,14714.3,91.4,10.84
313,274,5.9,14708.7,91.4,12.01
314,274,22.3,14673.14,91.2,21.57
315,274,35.4,14613.34,90.8,25.73
316,274,36.2,14642.61,91.0,31.16
317,274,41.3,14575.55,90.6,26.23
318,274,34.2,14560.95,90.5,183.91
319,274,50.0,14502.75,90.1,376.01
320,274,37.6,14451.73,89.8,114.05
321,274,43.8,14479.77,90.0,21.69
322,274,40.0,14466.34,89.9,10.39
323,274,37.2,14487.72,90.0,7.1
324,274,45.6,14481.59,90.0,44.36
325,274,43.7,14467.9,89.9,5.99
326,274,43.1,14429.96,89.7,14.34
327,273,44.5,14367.75,89.3,42.55
328,273,40.3,14358.96,89.2,12.87
329,273,47.7,14343.38,89.1,59.08
330,273,45.1,14302.77,88.9,60.65
331,273,45.7,14266.52,88.7,7.92
332,273,41.2,14228.74,88.4,7.7
333,273,48.5,14221.96,88.4,9.16
334,273,43.7,14178.02,88.1,20.98
335,273,40.6,14161.78,88.0,9.63
336,273,42.7,14152.82,88.0,10.04
337,273,43.5,14116.27,87.7,16.48
338,273,33.0,14105.8,87.7,19.68
339,272,36.6,14017.48,87.1,5.06
340,270,39.4,13683.7,85.0,46.86
341,259,43.5,12846.89,79.8,15.42
342,259,40.7,12718.98,79.0,23.35
343,258,44.0,12583.93,78.2,103.04
344,253,35.5,12340.72,76.7,45.1
345,251,37.6,12175.09,75.7,30.32
346,237,33.1,11285.48,70.1,6.7
347,231,18.6,10176.32,63.2,13.38
348,229,8.9,9734.78,60.5,10.06
349,228,4.2,9417.28,58.5,9.74
350,226,7.2,9417.52,58.5,12.29
351,226,5.3,9477.27,58.9,138.62
352,226,9.9,9548.77,59.3,99.98
353,226,4.2,9535.22,59.3,9.48
354,226,8.3,9542.67,59.3,2.14
355,226,3.3,9548.89,59.3,0.05
356,226,18.6,9576.12,59.5,0.79
357,226,9.6,9534.93,59.3,5.64
358,226,17.4,9543.23,59.3,6.98
359,226,35.1,9544.52,59.3,68.56
360,226,9.7,9515.82,59.1,0.15
361,226,3.8,9508.05,59.1,0.88
362,226,4.1,9495.92,59.0,0.05
363,226,2.2,9496.7,59.0,0.04
364,226,0.8,9495.42,59.0,0.09
365,226,0.8,9491.75,59.0,0.04
366,225,2.6,9036.01,56.2,0.01
367,225,0.9,9034.45,56.1,0.0
368,225,2.6,9030.19,56.1,0.04
369,225,1.4,9035.45,56.1,0.0
370,225,5.3,9033.07,56.1,0.0
371,225,4.4,9032.97,56.1,0.0
372,225,8.3,9032.34,56.1,0.0
373,225,18.6,9017.19,56.0,0.0
374,225,6.1,9016.56,56.0,0.07
375,225,2.8,9018.11,56.0,0.11
376,232,14.6,9254.72,57.5,294.01
377,232,11.5,9269.97,57.6,6.81
378,233,2.9,9276.86,57.6,5.86
379,233,8.0,9307.98,57.8,9.4
380,233,7.7,9298.62,57.8,1.01
381,241,42.8,9851.34,61.2,174.6
382,239,53.5,10056.65,62.5,108.25
383,242,70.8,10576.77,65.7,83.27
384,245,59.0,10721.52,66.6,43.77
385,247,63.7,11007.97,68.4,4.8
386,247,58.2,11132.85,69.2,1.43
387,246,40.8,11215.74,69.7,7.54
388,248,39.6,11210.93,69.7,6.86
389,248,43.4,11323.79,70.4,10.65
390,247,47.0,11329.65,70.4,2.34
391,248,52.7,11365.83,70.6,5.21
392,248,48.2,11343.73,70.5,11.06
393,250,55.4,11527.54,71.6,27.27
394,250,46.1,11655.86,72.4,15.86
395,250,39.4,11704.43,72.7,12.78
396,250,50.5,11707.62,72.8,17.57
397,257,55.0,11962.1,74.3,20.26
398,262,44.0,12083.64,75.1,17.13
399,263,42.6,12280.79,76.3,21.65
400,263,42.5,12325.64,76.6,16.63
401,263,40.8,12393.17,77.0,11.74
402,263,41.4,12394.16,77.0,6.47
403,259,40.6,12382.95,77.0,2.29
404,262,43.1,12465.7,77.5,12.84
405,262,41.6,12553.36,78.0,4.28
406,263,42.9,12639.44,78.5,9.15
407,262,40.3,12644.46,78.6,10.41
408,263,42.1,12673.9,78.8,3.37
409,263,45.3,12714.01,79.0,0.21
410,265,37.5,12729.1,79.1,5.84
411,266,37.2,12763.12,79.3,6.9
412,267,47.1,12723.3,79.1,16.69
413,263,40.2,12732.17,79.1,1.35
414,261,39.0,12742.15,79.2,3.82
415,261,39.9,12817.68,79.7,6.09
416,261,42.8,12893.09,80.1,15.22
417,263,39.8,12990.16,80.7,0.74
418,263,37.7,12989.68,80.7,4.15
419,262,37.6,12975.08,80.6,2.03
420,262,36.2,12976.02,80.6,0.15
421,262,38.3,12964.95,80.6,24.8
422,262,39.6,12972.82,80.6,5.05
423,262,45.1,12982.38,80.7,1.55
424,263,46.2,13059.48,81.2,1.04
425,264,41.3,13030.07,81.0,1.62
426,264,40.2,13099.58,81.4,2.53
427,264,41.2,13116.46,81.5,3.51
428,264,40.6,13118.58,81.5,0.11
429,264,39.7,13150.31,81.7,1.17
430,265,38.5,13179.38,81.9,3.85
431,265,41.0,13113.62,81.5,0.95
432,265,41.7,13081.51,81.3,0.88
433,265,37.4,13099.52,81.4,0.57
434,264,49.8,13110.92,81.5,0.53
435,264,36.3,13089.27,81.3,1.42
436,264,41.8,13097.53,81.4,0.21
437,264,40.6,13070.61,81.2,2.43
438,265,42.2,13127.96,81.6,2.84
439,265,44.7,13225.87,82.2,2.43
440,266,44.9,13315.36,82.7,22.95
441,269,52.6,13448.34,83.6,28.22
442,270,49.3,13530.74,84.1,44.21
443,270,45.5,13546.01,84.2,18.1
444,270,49.8,13627.91,84.7,40.18
445,270,44.7,13689.48,85.1,7.77
446,270,42.3,13736.83,85.4,6.38
447,270,45.0,13739.85,85.4,0.35
448,269,41.2,13734.83,85.4,0.7
